code,system
136J.00,readv2
136G.00,readv2
136R.00,readv2
1361.12,readv2
136A.00,readv2
1362,readv2
E23..12,readv2
ZV11311,readv2
E250200,readv2
E250z00,readv2
E250300,readv2
E250.00,readv2
E250100,readv2
9k19.11,readv2
9k19.00,readv2
2577,readv2
2577.11,readv2
E250.13,readv2
E250.11,readv2
13ZY.00,readv2
136V.00,readv2
1368,readv2
1D19.00,readv2
136Z.00,readv2
136W.00,readv2
136S.00,readv2
G555.00,readv2
J153.00,readv2
F144000,readv2
F394100,readv2
Eu10512,readv2
F375.00,readv2
E01..00,readv2
J613000,readv2
Eu10511,readv2
F11x011,readv2
F11x000,readv2
136M.00,readv2
1361.11,readv2
E250.12,readv2
136O.00,readv2
136C.00,readv2
1364,readv2
136P.00,readv2
136E.00,readv2
136Q.00,readv2
136D.00,readv2
1365,readv2
1366,readv2
1361,readv2
136T.00,readv2
Eu10100,readv2
1367,readv2
Z786200,readv2
136X.00,readv2
136I.00,readv2
1362.11,readv2
1362.12,readv2
E250.14,readv2
R103.00,readv2
U81..00,readv2
136L.00,readv2
136K.00,readv2
136B.00,readv2
136N.00,readv2
1363,readv2
E250000,readv2
Eu10z00,readv2
J613.00,readv2
136F.00,readv2
136H.00,readv2
E01yz00,readv2
E01y.00,readv2
Eu10y00,readv2
Eu10514,readv2
E01z.00,readv2
F25B.00,readv2
Eu10611,readv2
C150500,readv2
J671000,readv2
1B1c.00,readv2
J612.00,readv2
G852300,readv2
Eu10000,readv2
J611.00,readv2
Eu10.00,readv2
Eu10600,readv2
Eu10500,readv2
E012.11,readv2
Eu10711,readv2
E012.00,readv2
E011.00,readv2
E011z00,readv2
J617.00,readv2
J617000,readv2
E011000,readv2
E011200,readv2
E011100,readv2
E015.00,readv2
Eu10513,readv2
Eu10700,readv2
E012000,readv2
Eu10712,readv2
J610.00,readv2
J612000,readv2